

SET statement_timeout = 0;
SET lock_timeout = 0;
SET client_encoding = 'UTF8';
SET standard_conforming_strings = on;
SET check_function_bodies = false;
SET client_min_messages = warning;

SET search_path = project_database_v12, pg_catalog;


INSERT INTO "pt_free_text" VALUES ('645cdda1-b0f3-4604-83b4-c5bb711bef19');
INSERT INTO "pt_free_text" VALUES ('4989e279-daa1-4b7c-844b-ce89bd3ddaed');
INSERT INTO "pt_free_text" VALUES ('671b1182-998f-4a46-bc09-d8550b8628a8');
INSERT INTO "pt_free_text" VALUES ('f979f21a-d0e2-4c27-a35e-169826680f1d');
INSERT INTO "pt_free_text" VALUES ('add8f53e-d984-43d5-bde8-4887cdc53028');
INSERT INTO "pt_free_text" VALUES ('85f74e0d-ad95-46bc-b861-952aadedd182');
INSERT INTO "pt_free_text" VALUES ('a7c3fbfe-ad87-40fb-8b54-eb1daa6c8412');
INSERT INTO "pt_free_text" VALUES ('72dbda3e-1480-4795-9136-29947e9a01a9');
INSERT INTO "pt_free_text" VALUES ('53804350-c23e-4646-80cb-1847ad72ff3f');
INSERT INTO "pt_free_text" VALUES ('fc146cf6-05a0-44eb-b971-c8848a1b972b');
INSERT INTO "pt_free_text" VALUES ('9e4dfaf8-f095-4fbb-9b54-1f026eeb803e');
INSERT INTO "pt_free_text" VALUES ('942f04bd-d8ae-4830-a8c2-16004e904486');
INSERT INTO "pt_free_text" VALUES ('6f858f7a-6814-4e54-94b7-1b2769afbdfc');
INSERT INTO "pt_free_text" VALUES ('95f4dd88-95f6-470a-b930-4f8dfff55c15');
INSERT INTO "pt_free_text" VALUES ('556b3ca6-fee4-4e52-9232-3779e6392141');
INSERT INTO "pt_free_text" VALUES ('43846806-2a37-41a9-99db-5eb4c83dc4f5');
INSERT INTO "pt_free_text" VALUES ('9761398f-cfa6-4fb5-929d-4ad8f246664e');
INSERT INTO "pt_free_text" VALUES ('faf2fd30-537f-4533-a8f8-d09fb5e06a19');
INSERT INTO "pt_free_text" VALUES ('d5d54726-d4d9-423d-b7d6-ca2ed23da483');
INSERT INTO "pt_free_text" VALUES ('e81b2ab3-4323-49e4-9af4-a3087dd03097');
INSERT INTO "pt_free_text" VALUES ('63049d71-2faf-4538-9f62-97157565543c');
INSERT INTO "pt_free_text" VALUES ('9b8aab95-8239-4697-a48f-1114bd7510b5');
INSERT INTO "pt_free_text" VALUES ('8d4cc61c-7dba-44d0-badf-c354fcd4f920');
INSERT INTO "pt_free_text" VALUES ('01211b1e-63ff-42fd-ab9d-f6ca717d44e0');
INSERT INTO "pt_free_text" VALUES ('938093a4-4f38-4715-b4fa-b7b6a0742047');
INSERT INTO "pt_free_text" VALUES ('dc226141-8079-4486-aaa9-d9a2357ba61c');
INSERT INTO "pt_free_text" VALUES ('82f0c336-c488-49c5-b00e-b0aa73caa8a4');
INSERT INTO "pt_free_text" VALUES ('4b20f395-f518-4271-b04d-ff1a4937a573');
INSERT INTO "pt_free_text" VALUES ('1b75d369-be6d-4298-933c-cdeac2a9d1a4');
INSERT INTO "pt_free_text" VALUES ('31228f48-05dc-4e7b-8c4d-b8ffa7165d24');
INSERT INTO "pt_free_text" VALUES ('36418963-5e72-4cc1-8b59-ff2d54eb00ed');
INSERT INTO "pt_free_text" VALUES ('c9c3af77-6c2c-440f-831c-32142595b895');
INSERT INTO "pt_free_text" VALUES ('7a983bd6-1c4c-4e4d-9a9e-99b75f89bb9a');
INSERT INTO "pt_free_text" VALUES ('3f359089-2af1-44a0-a54d-26db4772dc68');
INSERT INTO "pt_free_text" VALUES ('d9e96fa0-3ee2-4e23-8453-0db8fe50e21f');
INSERT INTO "pt_free_text" VALUES ('0959092c-4b73-406c-a6e3-fea386463fcd');
INSERT INTO "pt_free_text" VALUES ('d9350ebd-0dd7-4d19-9328-829737b40004');
INSERT INTO "pt_free_text" VALUES ('bfa1ad32-076c-4612-90e2-61508f9f06de');
INSERT INTO "pt_free_text" VALUES ('b419d336-8193-4344-9b8b-d204f476a522');
INSERT INTO "pt_free_text" VALUES ('9e64f566-9471-4a6a-81db-9e79a14d3767');
INSERT INTO "pt_free_text" VALUES ('9f957ba3-585e-4354-81ab-6aa10a650664');
INSERT INTO "pt_free_text" VALUES ('2b228193-845c-48b8-985d-3665ff235da1');
INSERT INTO "pt_free_text" VALUES ('88258bd1-a75c-4409-ab66-d04e4d458ead');
INSERT INTO "pt_free_text" VALUES ('97c975b3-1e43-40e4-9ad1-1227eeb4e30d');
INSERT INTO "pt_free_text" VALUES ('659e7d1d-0efa-4723-a5bd-9782eb43b0c2');
INSERT INTO "pt_free_text" VALUES ('ed7c7afa-fac7-4055-97a4-4b6530d459d5');
INSERT INTO "pt_free_text" VALUES ('17dcaeb5-eba6-42ac-b380-7161c17a7367');
INSERT INTO "pt_free_text" VALUES ('6e82a417-f038-4fd2-8c72-8dcad5b1614a');
INSERT INTO "pt_free_text" VALUES ('3be4068e-e938-4497-bdf3-3bf8348d58de');
INSERT INTO "pt_free_text" VALUES ('9f03d607-9fc3-485b-be33-0fb14059b690');
INSERT INTO "pt_free_text" VALUES ('eefe3d75-1b74-4c45-a023-6181a3b7919d');
INSERT INTO "pt_free_text" VALUES ('c42f44b5-56f6-4dfd-a0b7-9ab6411513b2');
INSERT INTO "pt_free_text" VALUES ('6dfc3bfa-ba5e-4edf-9b4f-494f6fad5e9b');
INSERT INTO "pt_free_text" VALUES ('38f8e31b-4f40-4fc7-a1e3-a2b0b8b7e031');
INSERT INTO "pt_free_text" VALUES ('979d12fd-c74a-4a20-87d7-ca9ef8ca695d');
INSERT INTO "pt_free_text" VALUES ('b2c358e1-44f6-4b4e-8642-0447eee44dbe');
INSERT INTO "pt_free_text" VALUES ('f6b2722a-673a-466d-b228-b242e3e70815');
INSERT INTO "pt_free_text" VALUES ('74b4162b-23b4-4a2d-9906-263e46b41fdb');
INSERT INTO "pt_free_text" VALUES ('fb59fa1d-dd35-4ffe-a27f-e14b4c1adb12');
INSERT INTO "pt_free_text" VALUES ('b03304eb-442d-49a5-a53f-4cf760035077');

INSERT INTO "value_list" VALUES ('5bf49d8e-498c-421e-b4fe-5ac56b87339b', '01211b1e-63ff-42fd-ab9d-f6ca717d44e0', '4989e279-daa1-4b7c-844b-ce89bd3ddaed');
INSERT INTO "value_list" VALUES ('6e5f9e08-bf65-41e1-b850-ed5f95a1cb00', '0959092c-4b73-406c-a6e3-fea386463fcd', '4989e279-daa1-4b7c-844b-ce89bd3ddaed');
INSERT INTO "value_list" VALUES ('fa4783a8-74fa-478d-b21d-fff9b4df6345', '17dcaeb5-eba6-42ac-b380-7161c17a7367', '4989e279-daa1-4b7c-844b-ce89bd3ddaed');
INSERT INTO "value_list" VALUES ('f11d2658-a82d-4396-8571-310482b7850e', '1b75d369-be6d-4298-933c-cdeac2a9d1a4', '4989e279-daa1-4b7c-844b-ce89bd3ddaed');
INSERT INTO "value_list" VALUES ('66f557c9-6adf-407c-9b4e-8f930a2d7789', '2b228193-845c-48b8-985d-3665ff235da1', '4989e279-daa1-4b7c-844b-ce89bd3ddaed');
INSERT INTO "value_list" VALUES ('f5f1692d-d01f-40b2-9716-a679c4a4678a', '31228f48-05dc-4e7b-8c4d-b8ffa7165d24', '4989e279-daa1-4b7c-844b-ce89bd3ddaed');
INSERT INTO "value_list" VALUES ('da3c8c33-6a1f-4ebb-ad82-332db918c39c', '36418963-5e72-4cc1-8b59-ff2d54eb00ed', '4989e279-daa1-4b7c-844b-ce89bd3ddaed');
INSERT INTO "value_list" VALUES ('949c1398-f083-4c5e-8238-ebbb210badb0', '38f8e31b-4f40-4fc7-a1e3-a2b0b8b7e031', '4989e279-daa1-4b7c-844b-ce89bd3ddaed');
INSERT INTO "value_list" VALUES ('32e3b75d-07cd-4a6e-bf27-30e534c6e821', '3be4068e-e938-4497-bdf3-3bf8348d58de', '4989e279-daa1-4b7c-844b-ce89bd3ddaed');
INSERT INTO "value_list" VALUES ('4ff77ae0-6b63-41e5-8731-2539be6894b7', '3f359089-2af1-44a0-a54d-26db4772dc68', '4989e279-daa1-4b7c-844b-ce89bd3ddaed');
INSERT INTO "value_list" VALUES ('ba9ae6a5-509a-4f02-9b42-1ef55af71ea3', '43846806-2a37-41a9-99db-5eb4c83dc4f5', '4989e279-daa1-4b7c-844b-ce89bd3ddaed');

INSERT INTO "value_list_values" VALUES ('fbd8cf99-d59a-4d09-b513-66631d4b948f', '4b20f395-f518-4271-b04d-ff1a4937a573', '4989e279-daa1-4b7c-844b-ce89bd3ddaed', true, '5bf49d8e-498c-421e-b4fe-5ac56b87339b');
INSERT INTO "value_list_values" VALUES ('8962cd0b-bb23-4f7f-9a0d-b74aa8b7b49d', '53804350-c23e-4646-80cb-1847ad72ff3f', '4989e279-daa1-4b7c-844b-ce89bd3ddaed', true, '5bf49d8e-498c-421e-b4fe-5ac56b87339b');
INSERT INTO "value_list_values" VALUES ('161dbf1f-a5c4-4d49-89c0-e9eb87993c1e', '556b3ca6-fee4-4e52-9232-3779e6392141', '4989e279-daa1-4b7c-844b-ce89bd3ddaed', true, '5bf49d8e-498c-421e-b4fe-5ac56b87339b');
INSERT INTO "value_list_values" VALUES ('f3c002a3-0f5d-4ec9-95c3-d8e6924bc05d', '63049d71-2faf-4538-9f62-97157565543c', '4989e279-daa1-4b7c-844b-ce89bd3ddaed', true, '5bf49d8e-498c-421e-b4fe-5ac56b87339b');
INSERT INTO "value_list_values" VALUES ('58228f04-b097-4df1-9f82-aa5b1222e56e', '645cdda1-b0f3-4604-83b4-c5bb711bef19', '4989e279-daa1-4b7c-844b-ce89bd3ddaed', true, '5bf49d8e-498c-421e-b4fe-5ac56b87339b');
INSERT INTO "value_list_values" VALUES ('4baf22b9-71ef-441c-a230-542ccb8a37df', '659e7d1d-0efa-4723-a5bd-9782eb43b0c2', '4989e279-daa1-4b7c-844b-ce89bd3ddaed', true, '5bf49d8e-498c-421e-b4fe-5ac56b87339b');
INSERT INTO "value_list_values" VALUES ('1f4a3747-cd86-4009-95e5-04763161fc0d', '671b1182-998f-4a46-bc09-d8550b8628a8', '4989e279-daa1-4b7c-844b-ce89bd3ddaed', true, '6e5f9e08-bf65-41e1-b850-ed5f95a1cb00');
INSERT INTO "value_list_values" VALUES ('ffd91d8c-8c9b-4e0a-98d1-5c5fae43b0b9', '6dfc3bfa-ba5e-4edf-9b4f-494f6fad5e9b', '4989e279-daa1-4b7c-844b-ce89bd3ddaed', true, '6e5f9e08-bf65-41e1-b850-ed5f95a1cb00');
INSERT INTO "value_list_values" VALUES ('81d47538-7748-483a-a8a9-078943b9f84d', '6e82a417-f038-4fd2-8c72-8dcad5b1614a', '4989e279-daa1-4b7c-844b-ce89bd3ddaed', true, '6e5f9e08-bf65-41e1-b850-ed5f95a1cb00');
INSERT INTO "value_list_values" VALUES ('afa7206c-18c8-4470-a48e-393ebf6d826c', '6f858f7a-6814-4e54-94b7-1b2769afbdfc', '4989e279-daa1-4b7c-844b-ce89bd3ddaed', true, 'fa4783a8-74fa-478d-b21d-fff9b4df6345');
INSERT INTO "value_list_values" VALUES ('704c6489-3219-4728-9fde-1cfce655816c', '72dbda3e-1480-4795-9136-29947e9a01a9', '4989e279-daa1-4b7c-844b-ce89bd3ddaed', true, 'fa4783a8-74fa-478d-b21d-fff9b4df6345');
INSERT INTO "value_list_values" VALUES ('03db96cd-6eeb-4f41-b7a0-0c2e6a5a29b7', '74b4162b-23b4-4a2d-9906-263e46b41fdb', '4989e279-daa1-4b7c-844b-ce89bd3ddaed', true, 'fa4783a8-74fa-478d-b21d-fff9b4df6345');
INSERT INTO "value_list_values" VALUES ('9390c2c9-d0a9-41de-bdb7-fc67b4d4ab13', '7a983bd6-1c4c-4e4d-9a9e-99b75f89bb9a', '4989e279-daa1-4b7c-844b-ce89bd3ddaed', true, 'fa4783a8-74fa-478d-b21d-fff9b4df6345');
INSERT INTO "value_list_values" VALUES ('8495c71c-c619-45fc-acb7-e19f90571115', '82f0c336-c488-49c5-b00e-b0aa73caa8a4', '4989e279-daa1-4b7c-844b-ce89bd3ddaed', true, 'fa4783a8-74fa-478d-b21d-fff9b4df6345');
INSERT INTO "value_list_values" VALUES ('a8a49f16-896b-4c0f-835f-e99334bf92e2', '85f74e0d-ad95-46bc-b861-952aadedd182', '4989e279-daa1-4b7c-844b-ce89bd3ddaed', true, 'f11d2658-a82d-4396-8571-310482b7850e');
INSERT INTO "value_list_values" VALUES ('b64fe122-1cac-434d-bb2f-3c54edb90f12', '9e64f566-9471-4a6a-81db-9e79a14d3767', '4989e279-daa1-4b7c-844b-ce89bd3ddaed', true, '66f557c9-6adf-407c-9b4e-8f930a2d7789');
INSERT INTO "value_list_values" VALUES ('4df55acc-0cf3-431e-b5c5-d93586c1849e', '8d4cc61c-7dba-44d0-badf-c354fcd4f920', '4989e279-daa1-4b7c-844b-ce89bd3ddaed', true, 'f5f1692d-d01f-40b2-9716-a679c4a4678a');
INSERT INTO "value_list_values" VALUES ('874e4888-b4d2-46cb-96f5-e9c7cd06c294', '938093a4-4f38-4715-b4fa-b7b6a0742047', '4989e279-daa1-4b7c-844b-ce89bd3ddaed', true, '949c1398-f083-4c5e-8238-ebbb210badb0');
INSERT INTO "value_list_values" VALUES ('74afddc3-f797-4fee-a49f-d29e2b03cdc6', '942f04bd-d8ae-4830-a8c2-16004e904486', '4989e279-daa1-4b7c-844b-ce89bd3ddaed', true, '949c1398-f083-4c5e-8238-ebbb210badb0');
INSERT INTO "value_list_values" VALUES ('8da5fb81-ea67-4564-a3fd-7ea8dc172690', '95f4dd88-95f6-470a-b930-4f8dfff55c15', '4989e279-daa1-4b7c-844b-ce89bd3ddaed', true, '949c1398-f083-4c5e-8238-ebbb210badb0');
INSERT INTO "value_list_values" VALUES ('21a7d694-7974-4baa-bf39-05cb52784361', '9761398f-cfa6-4fb5-929d-4ad8f246664e', '4989e279-daa1-4b7c-844b-ce89bd3ddaed', true, '32e3b75d-07cd-4a6e-bf27-30e534c6e821');
INSERT INTO "value_list_values" VALUES ('01ece322-1dcd-449d-92bc-02a413fa5693', '979d12fd-c74a-4a20-87d7-ca9ef8ca695d', '4989e279-daa1-4b7c-844b-ce89bd3ddaed', true, '32e3b75d-07cd-4a6e-bf27-30e534c6e821');
INSERT INTO "value_list_values" VALUES ('e6886ff9-bbd5-4475-b7eb-2d46cfa95909', '97c975b3-1e43-40e4-9ad1-1227eeb4e30d', '4989e279-daa1-4b7c-844b-ce89bd3ddaed', true, '32e3b75d-07cd-4a6e-bf27-30e534c6e821');
INSERT INTO "value_list_values" VALUES ('62a0a69e-013f-414e-9027-5cabd8bbea88', '9b8aab95-8239-4697-a48f-1114bd7510b5', '4989e279-daa1-4b7c-844b-ce89bd3ddaed', true, '4ff77ae0-6b63-41e5-8731-2539be6894b7');
INSERT INTO "value_list_values" VALUES ('f208012e-38ab-4f1c-b930-9af51fe2cafd', '9e4dfaf8-f095-4fbb-9b54-1f026eeb803e', '4989e279-daa1-4b7c-844b-ce89bd3ddaed', true, '4ff77ae0-6b63-41e5-8731-2539be6894b7');
INSERT INTO "value_list_values" VALUES ('b075b508-ac8f-43e4-9dc3-569049cfdfb7', '9e64f566-9471-4a6a-81db-9e79a14d3767', '4989e279-daa1-4b7c-844b-ce89bd3ddaed', true, 'ba9ae6a5-509a-4f02-9b42-1ef55af71ea3');
INSERT INTO "value_list_values" VALUES ('cbe4b9cc-dae0-426e-a1f9-d4818559e73b', '9f03d607-9fc3-485b-be33-0fb14059b690', '4989e279-daa1-4b7c-844b-ce89bd3ddaed', true, 'ba9ae6a5-509a-4f02-9b42-1ef55af71ea3');
INSERT INTO "value_list_values" VALUES ('ac518e5c-5fc7-4083-a538-cc94747c0adc', '9f957ba3-585e-4354-81ab-6aa10a650664', '4989e279-daa1-4b7c-844b-ce89bd3ddaed', true, 'ba9ae6a5-509a-4f02-9b42-1ef55af71ea3');
INSERT INTO "value_list_values" VALUES ('b4254889-0e4c-4619-9405-c726ec157bdb', 'c42f44b5-56f6-4dfd-a0b7-9ab6411513b2', '4989e279-daa1-4b7c-844b-ce89bd3ddaed', true, 'da3c8c33-6a1f-4ebb-ad82-332db918c39c');
INSERT INTO "value_list_values" VALUES ('038707c6-79df-4df3-9c89-f52b9d3cef91', 'c9c3af77-6c2c-440f-831c-32142595b895', '4989e279-daa1-4b7c-844b-ce89bd3ddaed', true, 'da3c8c33-6a1f-4ebb-ad82-332db918c39c');
INSERT INTO "value_list_values" VALUES ('aa9e2b1c-1a1b-49b8-8d6e-0f39b3ec7577', 'd5d54726-d4d9-423d-b7d6-ca2ed23da483', '4989e279-daa1-4b7c-844b-ce89bd3ddaed', true, 'da3c8c33-6a1f-4ebb-ad82-332db918c39c');
INSERT INTO "value_list_values" VALUES ('717c5f37-9912-49d5-a12a-e271361f287e', 'd9350ebd-0dd7-4d19-9328-829737b40004', '4989e279-daa1-4b7c-844b-ce89bd3ddaed', true, 'da3c8c33-6a1f-4ebb-ad82-332db918c39c');
INSERT INTO "value_list_values" VALUES ('aa542f16-2f57-4bdc-bf2a-3270552706f5', 'd9e96fa0-3ee2-4e23-8453-0db8fe50e21f', '4989e279-daa1-4b7c-844b-ce89bd3ddaed', true, 'da3c8c33-6a1f-4ebb-ad82-332db918c39c');


INSERT INTO "attribute_type" VALUES ('0dd62ede-ae8f-498e-b50e-a90f05389cdf', 'a7c3fbfe-ad87-40fb-8b54-eb1daa6c8412', '4989e279-daa1-4b7c-844b-ce89bd3ddaed', '03db96cd-6eeb-4f41-b7a0-0c2e6a5a29b7', '161dbf1f-a5c4-4d49-89c0-e9eb87993c1e', NULL);
INSERT INTO "attribute_type" VALUES ('1ce26ada-ec1d-4061-9b26-3e1619e9245a', 'add8f53e-d984-43d5-bde8-4887cdc53028', '4989e279-daa1-4b7c-844b-ce89bd3ddaed', '03db96cd-6eeb-4f41-b7a0-0c2e6a5a29b7', '161dbf1f-a5c4-4d49-89c0-e9eb87993c1e', NULL);
INSERT INTO "attribute_type" VALUES ('c87681e0-92db-4c8e-9322-eb9a7c76412f', 'b03304eb-442d-49a5-a53f-4cf760035077', '4989e279-daa1-4b7c-844b-ce89bd3ddaed', '03db96cd-6eeb-4f41-b7a0-0c2e6a5a29b7', '161dbf1f-a5c4-4d49-89c0-e9eb87993c1e', NULL);
INSERT INTO "attribute_type" VALUES ('5790b991-5412-4ef8-8982-6b6a27821e8d', 'b2c358e1-44f6-4b4e-8642-0447eee44dbe', '4989e279-daa1-4b7c-844b-ce89bd3ddaed', '03db96cd-6eeb-4f41-b7a0-0c2e6a5a29b7', 'f3c002a3-0f5d-4ec9-95c3-d8e6924bc05d', NULL);
INSERT INTO "attribute_type" VALUES ('d3e2cad5-36a8-461a-b818-eabda0dd23c6', 'b419d336-8193-4344-9b8b-d204f476a522', '4989e279-daa1-4b7c-844b-ce89bd3ddaed', 'afa7206c-18c8-4470-a48e-393ebf6d826c', NULL, 'ba9ae6a5-509a-4f02-9b42-1ef55af71ea3');


INSERT INTO "attribute_type_x_attribute_type" VALUES ('0dd62ede-ae8f-498e-b50e-a90f05389cdf', '1ce26ada-ec1d-4061-9b26-3e1619e9245a', '038707c6-79df-4df3-9c89-f52b9d3cef91');
INSERT INTO "attribute_type_x_attribute_type" VALUES ('1ce26ada-ec1d-4061-9b26-3e1619e9245a', 'c87681e0-92db-4c8e-9322-eb9a7c76412f', '038707c6-79df-4df3-9c89-f52b9d3cef91');


INSERT INTO "attribute_type_group" VALUES ('0dd62ede-ae8f-498e-b50e-a90f05389cdf', 'a8a49f16-896b-4c0f-835f-e99334bf92e2');
INSERT INTO "attribute_type_group" VALUES ('1ce26ada-ec1d-4061-9b26-3e1619e9245a', 'a8a49f16-896b-4c0f-835f-e99334bf92e2');
INSERT INTO "attribute_type_group" VALUES ('c87681e0-92db-4c8e-9322-eb9a7c76412f', 'a8a49f16-896b-4c0f-835f-e99334bf92e2');


INSERT INTO "multiplicity" VALUES ('00cba5ce-04c1-4275-a41e-24a833e497d3', 1, 1);
INSERT INTO "multiplicity" VALUES ('47d77072-51d5-40e8-8546-f97460221c42', 0, 1);
INSERT INTO "multiplicity" VALUES ('9aace9a1-ce69-4395-862d-86ac2b4f7f61', 1, NULL);
INSERT INTO "multiplicity" VALUES ('6fb8d376-8d89-4564-9465-104f85ee0207', 0, NULL);


INSERT INTO "project" VALUES ('e3ea33c9-e4fd-4ef5-b43e-96bf52179683', 'dc226141-8079-4486-aaa9-d9a2357ba61c', '4989e279-daa1-4b7c-844b-ce89bd3ddaed', NULL);
INSERT INTO "project" VALUES ('ce0f47d3-fdd7-492e-8485-77f2a156b8a0', 'ed7c7afa-fac7-4055-97a4-4b6530d459d5', '4989e279-daa1-4b7c-844b-ce89bd3ddaed', 'e3ea33c9-e4fd-4ef5-b43e-96bf52179683');
INSERT INTO "project" VALUES ('29c75699-465f-4e61-9851-021d66288ee8', 'e81b2ab3-4323-49e4-9af4-a3087dd03097', '4989e279-daa1-4b7c-844b-ce89bd3ddaed', 'e3ea33c9-e4fd-4ef5-b43e-96bf52179683');


INSERT INTO "topic_characteristic" VALUES ('e7512fb9-d5f0-4adb-9582-b4451c160cac', 'eefe3d75-1b74-4c45-a023-6181a3b7919d', '1f4a3747-cd86-4009-95e5-04763161fc0d', 'e3ea33c9-e4fd-4ef5-b43e-96bf52179683');
INSERT INTO "topic_characteristic" VALUES ('27d70213-993b-4c83-bba1-6b7bb9d32b9b', 'f6b2722a-673a-466d-b228-b242e3e70815', '1f4a3747-cd86-4009-95e5-04763161fc0d', 'e3ea33c9-e4fd-4ef5-b43e-96bf52179683');


INSERT INTO "attribute_type_to_topic_characteristic" VALUES ('e7512fb9-d5f0-4adb-9582-b4451c160cac', '5790b991-5412-4ef8-8982-6b6a27821e8d', '00cba5ce-04c1-4275-a41e-24a833e497d3', NULL);
INSERT INTO "attribute_type_to_topic_characteristic" VALUES ('e7512fb9-d5f0-4adb-9582-b4451c160cac', 'd3e2cad5-36a8-461a-b818-eabda0dd23c6', '9aace9a1-ce69-4395-862d-86ac2b4f7f61', 'b64fe122-1cac-434d-bb2f-3c54edb90f12');
INSERT INTO "attribute_type_to_topic_characteristic" VALUES ('27d70213-993b-4c83-bba1-6b7bb9d32b9b', '0dd62ede-ae8f-498e-b50e-a90f05389cdf', '00cba5ce-04c1-4275-a41e-24a833e497d3', NULL);
INSERT INTO "attribute_type_to_topic_characteristic" VALUES ('27d70213-993b-4c83-bba1-6b7bb9d32b9b', '1ce26ada-ec1d-4061-9b26-3e1619e9245a', '00cba5ce-04c1-4275-a41e-24a833e497d3', NULL);
INSERT INTO "attribute_type_to_topic_characteristic" VALUES ('27d70213-993b-4c83-bba1-6b7bb9d32b9b', 'c87681e0-92db-4c8e-9322-eb9a7c76412f', '00cba5ce-04c1-4275-a41e-24a833e497d3', NULL);
INSERT INTO "attribute_type_to_topic_characteristic" VALUES ('27d70213-993b-4c83-bba1-6b7bb9d32b9b', '5790b991-5412-4ef8-8982-6b6a27821e8d', '00cba5ce-04c1-4275-a41e-24a833e497d3', NULL);
INSERT INTO "attribute_type_to_topic_characteristic" VALUES ('27d70213-993b-4c83-bba1-6b7bb9d32b9b', 'd3e2cad5-36a8-461a-b818-eabda0dd23c6', '9aace9a1-ce69-4395-862d-86ac2b4f7f61', 'b64fe122-1cac-434d-bb2f-3c54edb90f12');


INSERT INTO "topic_instance" VALUES ('020fa28e-2bd0-457d-9bc4-d5334ffdeed9', 'e7512fb9-d5f0-4adb-9582-b4451c160cac');
INSERT INTO "topic_instance" VALUES ('ed186800-9bd3-4434-8173-df49befe519d', '27d70213-993b-4c83-bba1-6b7bb9d32b9b');


INSERT INTO "attribute_value__domain" VALUES ('dcbca481-0518-47be-907c-cc846577e4e8', 'd3e2cad5-36a8-461a-b818-eabda0dd23c6', 'ed186800-9bd3-4434-8173-df49befe519d', 'cbe4b9cc-dae0-426e-a1f9-d4818559e73b');
INSERT INTO "attribute_value_value" VALUES ('f317faab-e8d8-4186-ad82-5cef1df45f83', 'c87681e0-92db-4c8e-9322-eb9a7c76412f', 'ed186800-9bd3-4434-8173-df49befe519d', 'f979f21a-d0e2-4c27-a35e-169826680f1d');
INSERT INTO "attribute_value_value" VALUES ('53747044-4157-430d-9a62-2fbcce78287a', '1ce26ada-ec1d-4061-9b26-3e1619e9245a', 'ed186800-9bd3-4434-8173-df49befe519d', 'faf2fd30-537f-4533-a8f8-d09fb5e06a19');
INSERT INTO "attribute_value_value" VALUES ('e1450c07-1950-45bc-973f-85c4256bad57', '0dd62ede-ae8f-498e-b50e-a90f05389cdf', 'ed186800-9bd3-4434-8173-df49befe519d', 'fb59fa1d-dd35-4ffe-a27f-e14b4c1adb12');
INSERT INTO "attribute_value_value" VALUES ('177c11bd-55b9-4da9-930d-27e1f63cbe6e', '5790b991-5412-4ef8-8982-6b6a27821e8d', '020fa28e-2bd0-457d-9bc4-d5334ffdeed9', 'fc146cf6-05a0-44eb-b971-c8848a1b972b');

INSERT INTO "relationship_type" VALUES ('d52b0dd4-48cd-498a-90c4-7a62f73a1028', '1f4a3747-cd86-4009-95e5-04763161fc0d', '4df55acc-0cf3-431e-b5c5-d93586c1849e');
INSERT INTO "relationship_type" VALUES ('efb96d46-6ef5-436a-a8c3-caae35ed8c48', 'ffd91d8c-8c9b-4e0a-98d1-5c5fae43b0b9', '4df55acc-0cf3-431e-b5c5-d93586c1849e');


INSERT INTO "relationship_type_to_topic_characteristic" VALUES ('e7512fb9-d5f0-4adb-9582-b4451c160cac', 'd52b0dd4-48cd-498a-90c4-7a62f73a1028', '00cba5ce-04c1-4275-a41e-24a833e497d3');
INSERT INTO "relationship_type_to_topic_characteristic" VALUES ('27d70213-993b-4c83-bba1-6b7bb9d32b9b', 'd52b0dd4-48cd-498a-90c4-7a62f73a1028', '9aace9a1-ce69-4395-862d-86ac2b4f7f61');


INSERT INTO "country_code" VALUES ('fbe1949e-47d4-4fa1-8edf-34fe31fda130', 'DE');
INSERT INTO "country_code" VALUES ('62caf89f-6979-4dff-8533-75a529c68474', 'TR');
INSERT INTO "country_code" VALUES ('ef1790b7-e622-489f-ac0f-934cb4372316', 'RU');


INSERT INTO "language_code" VALUES ('b5dd1501-0049-4389-950c-72fc7cdbf4e6', 'DE');
INSERT INTO "language_code" VALUES ('d83b2c49-bdf3-4e44-ac27-9a5694f628be', 'TR');
INSERT INTO "language_code" VALUES ('fc1a8b8d-9814-476b-a96b-3f42aed0d6d8', 'RU');


INSERT INTO "character_code" VALUES ('0e78fe2e-976d-4667-87a8-d12e3e83d8fa', 'UTF-8');
INSERT INTO "character_code" VALUES ('e765a91d-7af1-4dd6-bbee-507f669090ca', 'UTF-16');
INSERT INTO "character_code" VALUES ('18f67435-03ca-4a29-abc8-6c730f778a38', 'Latin1');


INSERT INTO "pt_locale" VALUES ('e8361247-949f-45ec-bca1-9fde35b15668', 'b5dd1501-0049-4389-950c-72fc7cdbf4e6', 'fbe1949e-47d4-4fa1-8edf-34fe31fda130', '0e78fe2e-976d-4667-87a8-d12e3e83d8fa');
INSERT INTO "pt_locale" VALUES ('c0d5a1fa-9a57-433e-ac98-6b85f47eebb7', 'd83b2c49-bdf3-4e44-ac27-9a5694f628be', '62caf89f-6979-4dff-8533-75a529c68474', 'e765a91d-7af1-4dd6-bbee-507f669090ca');


INSERT INTO "localized_character_string" VALUES ('0959092c-4b73-406c-a6e3-fea386463fcd', 'e8361247-949f-45ec-bca1-9fde35b15668', 'WL_Thema');
INSERT INTO "localized_character_string" VALUES ('17dcaeb5-eba6-42ac-b380-7161c17a7367', 'e8361247-949f-45ec-bca1-9fde35b15668', 'WL_Datentyp');
INSERT INTO "localized_character_string" VALUES ('1b75d369-be6d-4298-933c-cdeac2a9d1a4', 'e8361247-949f-45ec-bca1-9fde35b15668', 'WL_AttributtypGruppe');
INSERT INTO "localized_character_string" VALUES ('2b228193-845c-48b8-985d-3665ff235da1', 'e8361247-949f-45ec-bca1-9fde35b15668', 'WL_Standardwert');
INSERT INTO "localized_character_string" VALUES ('31228f48-05dc-4e7b-8c4d-b8ffa7165d24', 'e8361247-949f-45ec-bca1-9fde35b15668', 'WL_Beziehungstyp');
INSERT INTO "localized_character_string" VALUES ('36418963-5e72-4cc1-8b59-ff2d54eb00ed', 'e8361247-949f-45ec-bca1-9fde35b15668', 'WL_SKOSBeziehungsart');
INSERT INTO "localized_character_string" VALUES ('38f8e31b-4f40-4fc7-a1e3-a2b0b8b7e031', 'e8361247-949f-45ec-bca1-9fde35b15668', 'Farbe');
INSERT INTO "localized_character_string" VALUES ('3be4068e-e938-4497-bdf3-3bf8348d58de', 'e8361247-949f-45ec-bca1-9fde35b15668', 'Land');
INSERT INTO "localized_character_string" VALUES ('3f359089-2af1-44a0-a54d-26db4772dc68', 'e8361247-949f-45ec-bca1-9fde35b15668', 'Arealart');
INSERT INTO "localized_character_string" VALUES ('43846806-2a37-41a9-99db-5eb4c83dc4f5', 'e8361247-949f-45ec-bca1-9fde35b15668', 'Material');
INSERT INTO "localized_character_string" VALUES ('4989e279-daa1-4b7c-844b-ce89bd3ddaed', 'e8361247-949f-45ec-bca1-9fde35b15668', '...');
INSERT INTO "localized_character_string" VALUES ('4b20f395-f518-4271-b04d-ff1a4937a573', 'e8361247-949f-45ec-bca1-9fde35b15668', 'mm');
INSERT INTO "localized_character_string" VALUES ('53804350-c23e-4646-80cb-1847ad72ff3f', 'e8361247-949f-45ec-bca1-9fde35b15668', 'mm²');
INSERT INTO "localized_character_string" VALUES ('556b3ca6-fee4-4e52-9232-3779e6392141', 'e8361247-949f-45ec-bca1-9fde35b15668', 'm');
INSERT INTO "localized_character_string" VALUES ('63049d71-2faf-4538-9f62-97157565543c', 'e8361247-949f-45ec-bca1-9fde35b15668', 'm²');
INSERT INTO "localized_character_string" VALUES ('645cdda1-b0f3-4604-83b4-c5bb711bef19', 'e8361247-949f-45ec-bca1-9fde35b15668', 'kg');
INSERT INTO "localized_character_string" VALUES ('659e7d1d-0efa-4723-a5bd-9782eb43b0c2', 'e8361247-949f-45ec-bca1-9fde35b15668', 'g');
INSERT INTO "localized_character_string" VALUES ('671b1182-998f-4a46-bc09-d8550b8628a8', 'e8361247-949f-45ec-bca1-9fde35b15668', 'Raumbuch');
INSERT INTO "localized_character_string" VALUES ('6dfc3bfa-ba5e-4edf-9b4f-494f6fad5e9b', 'e8361247-949f-45ec-bca1-9fde35b15668', 'Funddatenbank');
INSERT INTO "localized_character_string" VALUES ('6e82a417-f038-4fd2-8c72-8dcad5b1614a', 'e8361247-949f-45ec-bca1-9fde35b15668', 'Fotodatenbank');
INSERT INTO "localized_character_string" VALUES ('6f858f7a-6814-4e54-94b7-1b2769afbdfc', 'e8361247-949f-45ec-bca1-9fde35b15668', 'varchar');
INSERT INTO "localized_character_string" VALUES ('72dbda3e-1480-4795-9136-29947e9a01a9', 'e8361247-949f-45ec-bca1-9fde35b15668', 'integer');
INSERT INTO "localized_character_string" VALUES ('74b4162b-23b4-4a2d-9906-263e46b41fdb', 'e8361247-949f-45ec-bca1-9fde35b15668', 'float');
INSERT INTO "localized_character_string" VALUES ('7a983bd6-1c4c-4e4d-9a9e-99b75f89bb9a', 'e8361247-949f-45ec-bca1-9fde35b15668', 'date');
INSERT INTO "localized_character_string" VALUES ('82f0c336-c488-49c5-b00e-b0aa73caa8a4', 'e8361247-949f-45ec-bca1-9fde35b15668', 'geometry');
INSERT INTO "localized_character_string" VALUES ('85f74e0d-ad95-46bc-b861-952aadedd182', 'e8361247-949f-45ec-bca1-9fde35b15668', 'Raummaße');
INSERT INTO "localized_character_string" VALUES ('88258bd1-a75c-4409-ab66-d04e4d458ead', 'e8361247-949f-45ec-bca1-9fde35b15668', 'Weit');
INSERT INTO "localized_character_string" VALUES ('8d4cc61c-7dba-44d0-badf-c354fcd4f920', 'e8361247-949f-45ec-bca1-9fde35b15668', 'Eng');
INSERT INTO "localized_character_string" VALUES ('938093a4-4f38-4715-b4fa-b7b6a0742047', 'e8361247-949f-45ec-bca1-9fde35b15668', 'Rot');
INSERT INTO "localized_character_string" VALUES ('942f04bd-d8ae-4830-a8c2-16004e904486', 'e8361247-949f-45ec-bca1-9fde35b15668', 'Grün');
INSERT INTO "localized_character_string" VALUES ('95f4dd88-95f6-470a-b930-4f8dfff55c15', 'e8361247-949f-45ec-bca1-9fde35b15668', 'Blau');
INSERT INTO "localized_character_string" VALUES ('9761398f-cfa6-4fb5-929d-4ad8f246664e', 'e8361247-949f-45ec-bca1-9fde35b15668', 'Deutschland');
INSERT INTO "localized_character_string" VALUES ('979d12fd-c74a-4a20-87d7-ca9ef8ca695d', 'e8361247-949f-45ec-bca1-9fde35b15668', 'Türkei');
INSERT INTO "localized_character_string" VALUES ('97c975b3-1e43-40e4-9ad1-1227eeb4e30d', 'e8361247-949f-45ec-bca1-9fde35b15668', 'Russland');
INSERT INTO "localized_character_string" VALUES ('9b8aab95-8239-4697-a48f-1114bd7510b5', 'e8361247-949f-45ec-bca1-9fde35b15668', 'Freie Fläche');
INSERT INTO "localized_character_string" VALUES ('9e4dfaf8-f095-4fbb-9b54-1f026eeb803e', 'e8361247-949f-45ec-bca1-9fde35b15668', 'Bebaute Fläche');
INSERT INTO "localized_character_string" VALUES ('9e64f566-9471-4a6a-81db-9e79a14d3767', 'e8361247-949f-45ec-bca1-9fde35b15668', 'Granit');
INSERT INTO "localized_character_string" VALUES ('9f03d607-9fc3-485b-be33-0fb14059b690', 'e8361247-949f-45ec-bca1-9fde35b15668', 'Holz');
INSERT INTO "localized_character_string" VALUES ('9f957ba3-585e-4354-81ab-6aa10a650664', 'e8361247-949f-45ec-bca1-9fde35b15668', 'Lehm');
INSERT INTO "localized_character_string" VALUES ('a7c3fbfe-ad87-40fb-8b54-eb1daa6c8412', 'e8361247-949f-45ec-bca1-9fde35b15668', 'Höhe');
INSERT INTO "localized_character_string" VALUES ('add8f53e-d984-43d5-bde8-4887cdc53028', 'e8361247-949f-45ec-bca1-9fde35b15668', 'Breite');
INSERT INTO "localized_character_string" VALUES ('b03304eb-442d-49a5-a53f-4cf760035077', 'e8361247-949f-45ec-bca1-9fde35b15668', 'Länge');
INSERT INTO "localized_character_string" VALUES ('b2c358e1-44f6-4b4e-8642-0447eee44dbe', 'e8361247-949f-45ec-bca1-9fde35b15668', 'Quadratfläche');
INSERT INTO "localized_character_string" VALUES ('b419d336-8193-4344-9b8b-d204f476a522', 'e8361247-949f-45ec-bca1-9fde35b15668', 'Wandmaterial');
INSERT INTO "localized_character_string" VALUES ('bfa1ad32-076c-4612-90e2-61508f9f06de', 'e8361247-949f-45ec-bca1-9fde35b15668', 'nicht definiert');
INSERT INTO "localized_character_string" VALUES ('c42f44b5-56f6-4dfd-a0b7-9ab6411513b2', 'e8361247-949f-45ec-bca1-9fde35b15668', 'parent_to');
INSERT INTO "localized_character_string" VALUES ('c9c3af77-6c2c-440f-831c-32142595b895', 'e8361247-949f-45ec-bca1-9fde35b15668', 'equal_to');
INSERT INTO "localized_character_string" VALUES ('d5d54726-d4d9-423d-b7d6-ca2ed23da483', 'e8361247-949f-45ec-bca1-9fde35b15668', 'related_to');
INSERT INTO "localized_character_string" VALUES ('d9350ebd-0dd7-4d19-9328-829737b40004', 'e8361247-949f-45ec-bca1-9fde35b15668', 'narrow_to');
INSERT INTO "localized_character_string" VALUES ('d9e96fa0-3ee2-4e23-8453-0db8fe50e21f', 'e8361247-949f-45ec-bca1-9fde35b15668', 'broader_to');
INSERT INTO "localized_character_string" VALUES ('dc226141-8079-4486-aaa9-d9a2357ba61c', 'e8361247-949f-45ec-bca1-9fde35b15668', 'Pergamon');
INSERT INTO "localized_character_string" VALUES ('e81b2ab3-4323-49e4-9af4-a3087dd03097', 'e8361247-949f-45ec-bca1-9fde35b15668', 'Altar');
INSERT INTO "localized_character_string" VALUES ('ed7c7afa-fac7-4055-97a4-4b6530d459d5', 'e8361247-949f-45ec-bca1-9fde35b15668', 'Tempelmauer Süd');
INSERT INTO "localized_character_string" VALUES ('eefe3d75-1b74-4c45-a023-6181a3b7919d', 'e8361247-949f-45ec-bca1-9fde35b15668', 'Halber Raum');
INSERT INTO "localized_character_string" VALUES ('f6b2722a-673a-466d-b228-b242e3e70815', 'e8361247-949f-45ec-bca1-9fde35b15668', 'Ganzer Raum');
INSERT INTO "localized_character_string" VALUES ('f979f21a-d0e2-4c27-a35e-169826680f1d', 'e8361247-949f-45ec-bca1-9fde35b15668', '5');
INSERT INTO "localized_character_string" VALUES ('faf2fd30-537f-4533-a8f8-d09fb5e06a19', 'e8361247-949f-45ec-bca1-9fde35b15668', '10');
INSERT INTO "localized_character_string" VALUES ('fb59fa1d-dd35-4ffe-a27f-e14b4c1adb12', 'e8361247-949f-45ec-bca1-9fde35b15668', '15');
INSERT INTO "localized_character_string" VALUES ('fc146cf6-05a0-44eb-b971-c8848a1b972b', 'e8361247-949f-45ec-bca1-9fde35b15668', '30');
INSERT INTO "localized_character_string" VALUES ('01211b1e-63ff-42fd-ab9d-f6ca717d44e0', 'c0d5a1fa-9a57-433e-ac98-6b85f47eebb7', 'WL_Einheit');


INSERT INTO "topic_instance_x_topic_instance" VALUES ('d8ab0717-9c68-4052-b5d0-2a9654295013', '020fa28e-2bd0-457d-9bc4-d5334ffdeed9', 'ed186800-9bd3-4434-8173-df49befe519d', 'd52b0dd4-48cd-498a-90c4-7a62f73a1028');


INSERT INTO "value_list_x_value_list" VALUES ('ba9ae6a5-509a-4f02-9b42-1ef55af71ea3', '949c1398-f083-4c5e-8238-ebbb210badb0', 'b4254889-0e4c-4619-9405-c726ec157bdb');


INSERT INTO "value_list_values_x_value_list_values" VALUES ('fbd8cf99-d59a-4d09-b513-66631d4b948f', '8962cd0b-bb23-4f7f-9a0d-b74aa8b7b49d', 'aa9e2b1c-1a1b-49b8-8d6e-0f39b3ec7577');

